카테고리,PI코드,product_no,product_code,product_name,KRW,JPY_환산,축,축구성,태그수,sold_out,image,url
브라,2037심브,1140,P0000BRW,쉬어 브라 커브넥 텐션윙,27900,3196,3,수량구성(1+) × 컬러(1+) × 사이즈(5+),17,F,https://cafe24img.poxo.com/m5m5m5/web/product/small/202608/144cd4b1f47d6c103d8a07fe96eec1c5.jpg,https://marun5.com/product/detail.html?product_no=1140
팬티,2037심팬,1142,P0000BRY,쉬어 팬티 릴렉스,12900,1478,3,수량구성(1+) × 컬러(2+) × 사이즈(3+),14,F,https://cafe24img.poxo.com/m5m5m5/web/product/small/202608/1a45a24d6cae2cd4bd44e64d0a1451db.jpg,https://marun5.com/product/detail.html?product_no=1142
브라,2611삼각브,1926,P0000CWC,쉬어 브라렛 미니멀 트라이앵글,21900,2509,3,수량구성(1+) × 컬러(2+) × 사이즈(3+),8,F,https://cafe24img.poxo.com/m5m5m5/web/product/small/202604/c4e6e099c6267d53880cc4cf4edbe912.jpg,https://marun5.com/product/detail.html?product_no=1926
팬티,2611스트링팬,1927,P0000CWD,쉬어 팬티 미니멀 비키니,7900,905,3,수량구성(1+) × 컬러(5+) × 사이즈(1+),9,F,https://cafe24img.poxo.com/m5m5m5/web/product/small/202604/aa666797de0ac47c5661aabf4ad4633f.jpg,https://marun5.com/product/detail.html?product_no=1927
브라,2612포인브,1928,P0000CWE,쉬어 브라 허그핏 코튼 삼각,27900,3196,3,수량구성(1+) × 컬러(2+) × 사이즈(4+),8,F,https://cafe24img.poxo.com/m5m5m5/web/product/small/202604/c21099a1eaad2264dcd5c11f1ba592bf.jpg,https://marun5.com/product/detail.html?product_no=1928
팬티,2612포인팬,1929,P0000CWF,쉬어 팬티 허그핏 코튼 삼각,7900,905,3,수량구성(1+) × 컬러(3+) × 사이즈(2+),9,F,https://cafe24img.poxo.com/m5m5m5/web/product/small/202604/5f6c2baacc45a5225f596781c468e727.jpg,https://marun5.com/product/detail.html?product_no=1929
브라,2617레크브,1734,P0000COS,쉬어 브라렛 스칼렛 시스루 레이스,32900,3769,3,수량구성(1+) × 컬러(2+) × 사이즈(4+),11,F,https://cafe24img.poxo.com/m5m5m5/web/product/small/202602/de85da8ae45bc830eeb2764610c77ca6.jpg,https://marun5.com/product/detail.html?product_no=1734
팬티,2617레팬,1735,P0000COT,쉬어 팬티 스칼렛 시스루 레이스,13900,1592,3,수량구성(1+) × 컬러(2+) × 사이즈(4+),16,F,https://cafe24img.poxo.com/m5m5m5/web/product/small/202602/e72b860c72ecb8694509ca98ffdf3dc0.jpg,https://marun5.com/product/detail.html?product_no=1735
브라,F4글램,852,P0000BGU,쉬어 브라 글램 커버업,29800,3414,3,수량구성(1+) × 컬러(1+) × 기타(5+),14,F,https://cafe24img.poxo.com/m5m5m5/web/product/small/202601/d5da70ea8c7253bb4f86ea6176f4f742.jpg,https://marun5.com/product/detail.html?product_no=852
팬티,F4심팬,1888,P0000CUQ,쉬어 팬티 심리스 커버업,7900,905,3,수량구성(1+) × 컬러(2+) × 사이즈(4+),17,F,https://cafe24img.poxo.com/m5m5m5/web/product/small/202604/a4126e3defcdac529ea1c21e9c7bb33b.jpg,https://marun5.com/product/detail.html?product_no=1888
브라,M32브,1689,P0000CMZ,쉬어 브라 소프트폼 3cm 볼륨업,27900,3196,3,수량구성(1+) × 컬러(1+) × 사이즈(5+),14,F,https://cafe24img.poxo.com/m5m5m5/web/product/small/202602/1ad603c2be7f886a77a290446a534055.jpg,https://marun5.com/product/detail.html?product_no=1689
팬티,M32심팬,1690,P0000CNA,쉬어 팬티 하이컷 심리스,7900,905,3,수량구성(1+) × 컬러(2+) × 사이즈(4+),12,F,https://cafe24img.poxo.com/m5m5m5/web/product/small/202602/64f56d0f5487a2984c93b9fb585ca1a9.jpg,https://marun5.com/product/detail.html?product_no=1690
브라,U1오숄브,848,P0000BGQ,쉬어 브라 오프숄더 논슬립,25900,2967,3,수량구성(1+) × 컬러(2+) × 사이즈(4+),14,F,https://cafe24img.poxo.com/m5m5m5/web/product/small/202606/da0aef3903a1e7599aedb444bc59ec15.jpg,https://marun5.com/product/detail.html?product_no=848
브라,쉬어브이넥브,1386,P0000CBI,쉬어 브라 시그니처,27900,3196,3,수량구성(1+) × 컬러(1+) × 사이즈(5+),15,F,https://cafe24img.poxo.com/m5m5m5/web/product/small/202605/3a807f02e19a24714beef2c4941dd694.jpg,https://marun5.com/product/detail.html?product_no=1386
팬티,쉬어햄팬,1384,P0000CBG,쉬어 햄라인 팬티 시그니처,13900,1592,3,수량구성(1+) × 컬러(1+) × 사이즈(5+),9,F,https://cafe24img.poxo.com/m5m5m5/web/product/small/202509/1187a95ca3d512030bc9e8233ef7b5a2.jpg,https://marun5.com/product/detail.html?product_no=1384
캡나시,RA모달캡나,63,P00000CL,캡내장 모달 브라캡 나시탑,15900,1821,3,수량구성(1+) × 컬러(2+) × 사이즈(3+),22,F,https://cafe24img.poxo.com/m5m5m5/web/product/small/202601/c21379c481153be7f1098fda0e40339a.jpg,https://marun5.com/product/detail.html?product_no=63
캡나시,RA크롭모달캡나,2147,P0000DEP,캡내장 브리즈 모달 크롭 끈나시,15500,1775,3,수량구성(1+) × 컬러(2+) × 사이즈(3+),22,F,https://cafe24img.poxo.com/m5m5m5/web/product/small/202608/661b2afacd7877d3d604ada20ff267a2.jpg,https://marun5.com/product/detail.html?product_no=2147
캡나시,"SLN07가는캡나, 베이직",620,P00000XW,날마다 모달 코튼 캡내장 얇은 끈 나시 2종,17900,2050,3,기타(1+) × 컬러(3+) × 사이즈(2+),36,F,https://cafe24img.poxo.com/m5m5m5/web/product/small/202605/c4e5edf1b5f11c7de23cb5586a219d5e.jpg,https://marun5.com/product/detail.html?product_no=620
캡나시,SLN08백리캡나,621,P00000XX,날마다 모달 코튼 캡내장 크롭 백리스 나시,18900,2165,3,수량구성(1+) × 컬러(3+) × 사이즈(2+),31,F,https://cafe24img.poxo.com/m5m5m5/web/product/small/202507/87779e025199ecd91615ae87f1893316.jpg,https://marun5.com/product/detail.html?product_no=621
캡나시,SLN09조절캡나,629,P00000YF,날마다 모달 코튼 캡내장 크롭 끈 조절 나시,19900,2279,3,수량구성(1+) × 컬러(3+) × 사이즈(2+),0,F,https://cafe24img.poxo.com/m5m5m5/web/product/small/202507/10c2974ce44355b0143b440896a1cc25.jpg,https://marun5.com/product/detail.html?product_no=629
캡나시,SLN14레이어캡나,1684,P0000CMU,날마다 브라탑 헨리넥 레이어드 캡나시,23900,2738,2,기타(3+) × 사이즈(2+),36,F,https://cafe24img.poxo.com/m5m5m5/web/product/small/202602/37e2bc85b9821401ecaa392888dcfdf7.jpg,https://marun5.com/product/detail.html?product_no=1684
스타킹,B768넉넉면스,714,P0000BBM,넉넉 니트 모달면 스타킹,17900,2050,3,수량구성(1+) × 사이즈(1+) × 사이즈(4+),18,F,https://cafe24img.poxo.com/m5m5m5/web/product/small/202605/e2c5c851c478293a26b97afef9b4c78d.jpg,https://marun5.com/product/detail.html?product_no=714
스타킹,넉넉10D,858,P0000BHA,넉넉 올풀림방지 힙업 스타킹 10D,11900,1363,4,수량구성(1+) × 컬러(1+) × 사이즈(1+) × 사이즈(1+),24,F,https://cafe24img.poxo.com/m5m5m5/web/product/small/202404/14cad972177674d26f1196c3c0f82a6f.jpg,https://marun5.com/product/detail.html?product_no=858
스타킹,넉넉150D,109,P00000EF,빅사이즈 고탄력 팬티 스타킹 넉넉스타킹 150D,15900,1821,3,기타(2+) × 컬러(2+) × 사이즈(2+),11,F,https://cafe24img.poxo.com/m5m5m5/web/product/small/202410/461228dadc4f59b390c36caa2f6826c0.jpg,https://marun5.com/product/detail.html?product_no=109
스타킹,넉넉20D,103,P00000DZ,넉넉 빅사이즈 팬티스타킹 20D,5900,676,4,수량구성(1+) × 유발/무발(1+) × 컬러(2+) × 사이즈(3+),10,F,https://cafe24img.poxo.com/m5m5m5/web/product/small/202410/c1c4dea100fc31b586215e534e5e6de4.jpg,https://marun5.com/product/detail.html?product_no=103
스타킹,넉넉50D,139,P00000FJ,1억 펀딩 자외선 차단 빅사이즈 넉넉스타킹 50D 골프스타킹,13500,1546,4,수량구성(1+) × 유발/무발(1+) × 컬러(2+) × 사이즈(3+),17,F,https://cafe24img.poxo.com/m5m5m5/web/product/small/202311/304d705d238dd2479facc7c58f7b54bd.jpg,https://marun5.com/product/detail.html?product_no=139
스타킹,삭40D,107,P00000ED,승무원 압박스타킹 삭스타킹 40D,12900,1478,3,기타(1+) × 컬러(3+) × 사이즈(2+),9,F,https://cafe24img.poxo.com/m5m5m5/web/product/small/202601/1820408e602db53d019ee4f33c65ecd8.jpg,https://marun5.com/product/detail.html?product_no=107
스타킹,1091골지니_롱,717,P0000BBP,넉넉 소프트 웜 골지 니삭스 2종,14900,1707,3,기타(1+) × 컬러(5+) × 사이즈(1+),19,F,https://cafe24img.poxo.com/m5m5m5/web/product/small/202605/bd76bf3f2465bc1ee817b3e590f732b7.jpg,https://marun5.com/product/detail.html?product_no=717
스타킹,시스루_숏,1257,P0000BWJ,넉넉 시스루 립 앵클 삭스 & 니삭스 2종,9500,1088,3,기타(1+) × 컬러(4+) × 사이즈(1+),21,F,https://cafe24img.poxo.com/m5m5m5/web/product/small/202506/8a8c6306187f4712389e34ce3f717580.jpg,https://marun5.com/product/detail.html?product_no=1257
스타킹,넉넉레그워머,713,P0000BBL,넉넉 2WAY 리브드 니트 레그워머,15900,1821,0,,24,T,https://cafe24img.poxo.com/m5m5m5/web/product/small/202605/8a1d706d44cbf07194319e60590685ca.jpg,https://marun5.com/product/detail.html?product_no=713
스타킹,넉넉워머삭스,1422,P0000CCS,넉넉 루즈 레그워머 삭스,18900,2165,2,수량구성(1+) × 컬러(5+),19,F,https://cafe24img.poxo.com/m5m5m5/web/product/small/202511/666dadcabb7b36bcf6cf9664ce5af144.jpg,https://marun5.com/product/detail.html?product_no=1422
누드브라,DFR01실리콘SLIM,449,P00000RH,두프리 실리콘 누드브라 - 슬림,15900,1821,3,수량구성(1+) × 컬러(2+) × 기타(2+),11,F,https://cafe24img.poxo.com/m5m5m5/web/product/small/202408/810cfc8abf1ea432b5165ef388822439.jpg,https://marun5.com/product/detail.html?product_no=449
누드브라,FRF072글루,454,P00000RM,"브라 쉬는 날, 프리플 니플패치 2종",14900,1707,2,사이즈(3+) × 사이즈(2+),18,F,https://cafe24img.poxo.com/m5m5m5/web/product/small/202601/82d12ef9629d108cb46cc79f6e204716.jpg,https://marun5.com/product/detail.html?product_no=454
누드브라,FRF074인비저블,812,P0000BFG,프리플 딥커버 니플 패치,15900,1821,2,기타(1+) × 사이즈(5+),29,F,https://cafe24img.poxo.com/m5m5m5/web/product/small/202408/ba36a40570e6f65dd21c9046060b8a77.jpg,https://marun5.com/product/detail.html?product_no=812
누드브라,FRF075하프컵,813,P0000BFH,프리플 하프컵 니플 패치,15900,1821,2,기타(3+) × 사이즈(3+),33,F,https://cafe24img.poxo.com/m5m5m5/web/product/small/202408/85da7de094d4cdf4b3a51bc6aa91e28a.jpg,https://marun5.com/product/detail.html?product_no=813
FW,HT124홀터넥캡나,1444,P0000CDO,히트터치 홀터넥 기모 브라탑,19900,2279,3,수량구성(1+) × 컬러(5+) × 사이즈(1+),33,F,https://cafe24img.poxo.com/m5m5m5/web/product/small/202511/dfd00b46bfd5ce3b533686c29e4ca662.jpg,https://marun5.com/product/detail.html?product_no=1444
FW,HT150모크넥캡나,1445,P0000CDP,히트터치 모크넥 목폴라 브라탑,25900,2967,3,수량구성(1+) × 컬러(3+) × 사이즈(2+),40,F,https://cafe24img.poxo.com/m5m5m5/web/product/small/202605/b6d5d8cd1861060a869508c34ea25690.jpg,https://marun5.com/product/detail.html?product_no=1445
FW,HT89스퀘어넥캡나,1460,P0000CEE,히트터치 스퀘어넥 기모 브라탑,21900,2509,3,수량구성(1+) × 컬러(4+) × 사이즈(1+),26,F,https://cafe24img.poxo.com/m5m5m5/web/product/small/202605/dd384be0d0ad3e404d0305a112897b4c.jpg,https://marun5.com/product/detail.html?product_no=1460
FW,HT모크넥,207,P00000HZ,히트터치 모크넥 반폴라 티셔츠,25900,2967,3,수량구성(1+) × 컬러(2+) × 사이즈(2+),21,F,https://cafe24img.poxo.com/m5m5m5/web/product/small/202411/9003a43883acd8e728647978c2472a53.jpg,https://marun5.com/product/detail.html?product_no=207
FW,HT오리지널세트★,14,P000000O,히트터치 오리지널 - 남녀 상하세트,19800,2268,3,수량구성(1+) × 사이즈(2+) × 컬러(4+),23,F,https://cafe24img.poxo.com/m5m5m5/web/product/small/202601/cae667103c2265d3dbe8cdf7d31744c5.jpg,https://marun5.com/product/detail.html?product_no=14
FW,HT크롭상의,722,P0000BBU,히트터치 슬림핏 상의 베이직 & 크롭 2종,18900,2165,2,기타(2+) × 컬러(3+),47,F,https://cafe24img.poxo.com/m5m5m5/web/product/small/202412/3975986b8d7f4bec9aa266cba5c81d02.jpg,https://marun5.com/product/detail.html?product_no=722
