product_no,product_code,variant_code,discount,options_raw,axes,a1,a2,a3,a4,quantity,display,selling
1140,P0000BRW,P0000BRW00CI,[10%],[10%] 4매입-스킨 4매-S,3,4매입,스킨 4매,S,,-100,T,T
1140,P0000BRW,P0000BRW00CJ,[10%],[10%] 4매입-스킨 4매-M,3,4매입,스킨 4매,M,,-100,T,T
1140,P0000BRW,P0000BRW00CK,[10%],[10%] 4매입-스킨 4매-L,3,4매입,스킨 4매,L,,-7,T,T
1140,P0000BRW,P0000BRW00CL,[10%],[10%] 4매입-스킨 4매-XL,3,4매입,스킨 4매,XL,,-1,T,T
1140,P0000BRW,P0000BRW00CM,[10%],[10%] 4매입-스킨 4매-XXL,3,4매입,스킨 4매,XXL,,0,T,T
1142,P0000BRY,P0000BRY000A,[10%],[10%] 4매입-스킨 4매-M,3,4매입,스킨 4매,M,,-2,T,T
1142,P0000BRY,P0000BRY000B,[10%],[10%] 4매입-스킨 4매-L,3,4매입,스킨 4매,L,,-1,T,T
1142,P0000BRY,P0000BRY000D,[10%],[10%] 4매입-스킨 4매-XL,3,4매입,스킨 4매,XL,,0,T,T
1142,P0000BRY,P0000BRY000F,[10%],[10%] 4매입-더스티블루 4매-M,3,4매입,더스티블루 4매,M,,-100,T,T
1142,P0000BRY,P0000BRY000G,[10%],[10%] 4매입-더스티블루 4매-L,3,4매입,더스티블루 4매,L,,0,T,T
1926,P0000CWC,P0000CWC00FO,[10%],[10%] 4매입-화이트 4매-M,3,4매입,화이트 4매,M,,-100,T,T
1926,P0000CWC,P0000CWC00FP,[10%],[10%] 4매입-화이트 4매-L,3,4매입,화이트 4매,L,,-100,T,T
1926,P0000CWC,P0000CWC00FQ,[10%],[10%] 4매입-화이트 4매-XL,3,4매입,화이트 4매,XL,,-100,T,T
1926,P0000CWC,P0000CWC00FR,[10%],[10%] 4매입-스킨 4매-M,3,4매입,스킨 4매,M,,-100,T,T
1926,P0000CWC,P0000CWC00FS,[10%],[10%] 4매입-스킨 4매-L,3,4매입,스킨 4매,L,,-100,T,T
1927,P0000CWD,P0000CWD00HS,[10%],[10%] 4매입-화이트 4매-F/L,3,4매입,화이트 4매,F/L,,-100,T,T
1927,P0000CWD,P0000CWD00HT,[10%],[10%] 4매입-스킨 4매-F/L,3,4매입,스킨 4매,F/L,,0,T,T
1927,P0000CWD,P0000CWD00HU,[10%],[10%] 4매입-레드 4매-F/L,3,4매입,레드 4매,F/L,,-100,T,T
1927,P0000CWD,P0000CWD00HV,[10%],[10%] 4매입-블랙 4매-F/L,3,4매입,블랙 4매,F/L,,-101,T,T
1927,P0000CWD,P0000CWD00HW,[10%],[10%] 4매입-화이트 2매+스킨 2매-F/L,3,4매입,화이트 2매+스킨 2매,F/L,,-101,T,T
1928,P0000CWE,P0000CWE00CU,[10%],[10%] 4매입-그레이 4매-S,3,4매입,그레이 4매,S,,-100,T,T
1928,P0000CWE,P0000CWE00CV,[10%],[10%] 4매입-그레이 4매-M,3,4매입,그레이 4매,M,,-100,T,T
1928,P0000CWE,P0000CWE00CW,[10%],[10%] 4매입-그레이 4매-L,3,4매입,그레이 4매,L,,-100,T,T
1928,P0000CWE,P0000CWE00CX,[10%],[10%] 4매입-그레이 4매-XL,3,4매입,그레이 4매,XL,,0,T,T
1928,P0000CWE,P0000CWE00CY,[10%],[10%] 4매입-레드 4매-S,3,4매입,레드 4매,S,,0,T,T
1929,P0000CWF,P0000CWF000Y,[10%],[10%] 4매입-그레이 4매-F/L,3,4매입,그레이 4매,F/L,,-100,T,T
1929,P0000CWF,P0000CWF000Z,[10%],[10%] 4매입-그레이 4매-XL,3,4매입,그레이 4매,XL,,-2,T,T
1929,P0000CWF,P0000CWF00BA,[10%],[10%] 4매입-레드 4매-F/L,3,4매입,레드 4매,F/L,,-100,T,T
1929,P0000CWF,P0000CWF00BB,[10%],[10%] 4매입-레드 4매-XL,3,4매입,레드 4매,XL,,-1,T,T
1929,P0000CWF,P0000CWF00BC,[10%],[10%] 4매입-브라운 4매-F/L,3,4매입,브라운 4매,F/L,,-100,T,T
1734,P0000COS,P0000COS00ZO,[10%],[10%] 4매입-클린화이트 2매 + 더스티블루 2매-S,3,4매입,클린화이트 2매 + 더스티블루 2매,S,,0,T,T
1734,P0000COS,P0000COS00ZP,[10%],[10%] 4매입-클린화이트 2매 + 더스티블루 2매-M,3,4매입,클린화이트 2매 + 더스티블루 2매,M,,-100,T,T
1734,P0000COS,P0000COS00ZQ,[10%],[10%] 4매입-클린화이트 2매 + 더스티블루 2매-L,3,4매입,클린화이트 2매 + 더스티블루 2매,L,,-100,T,T
1734,P0000COS,P0000COS00ZR,[10%],[10%] 4매입-클린화이트 2매 + 더스티블루 2매-XL,3,4매입,클린화이트 2매 + 더스티블루 2매,XL,,0,T,T
1734,P0000COS,P0000COS00ZS,[10%],[10%] 4매입-클린화이트 2매 + 미스티그린 2매-S,3,4매입,클린화이트 2매 + 미스티그린 2매,S,,0,T,T
1735,P0000COT,P0000COT00OY,[10%],[10%] 4매입-클린화이트 2매 + 더스티블루 2매-S,3,4매입,클린화이트 2매 + 더스티블루 2매,S,,0,T,T
1735,P0000COT,P0000COT00OZ,[10%],[10%] 4매입-클린화이트 2매 + 더스티블루 2매-M,3,4매입,클린화이트 2매 + 더스티블루 2매,M,,0,T,T
1735,P0000COT,P0000COT00PA,[10%],[10%] 4매입-클린화이트 2매 + 더스티블루 2매-L,3,4매입,클린화이트 2매 + 더스티블루 2매,L,,0,T,T
1735,P0000COT,P0000COT00PB,[10%],[10%] 4매입-클린화이트 2매 + 더스티블루 2매-XL,3,4매입,클린화이트 2매 + 더스티블루 2매,XL,,0,T,T
1735,P0000COT,P0000COT00PC,[10%],[10%] 4매입-클린화이트 2매 + 미스티그린 2매-S,3,4매입,클린화이트 2매 + 미스티그린 2매,S,,0,T,T
852,P0000BGU,P0000BGU000A,[10%],[10%] 4매입-아이보리 4매-M,3,4매입,아이보리 4매,M,,-21,T,T
852,P0000BGU,P0000BGU000B,[10%],[10%] 4매입-아이보리 4매-L,3,4매입,아이보리 4매,L,,-44,T,T
852,P0000BGU,P0000BGU000C,[10%],[10%] 4매입-아이보리 4매-XL,3,4매입,아이보리 4매,XL,,-49,T,T
852,P0000BGU,P0000BGU000D,[10%],[10%] 4매입-아이보리 4매-2XL,3,4매입,아이보리 4매,2XL,,-48,T,T
852,P0000BGU,P0000BGU000E,[10%],[10%] 4매입-아이보리 4매-3XL,3,4매입,아이보리 4매,3XL,,-74,T,T
1888,P0000CUQ,P0000CUQ00EL,[10%],[10%] 4매입-아이보리-S,3,4매입,아이보리,S,,-100,T,T
1888,P0000CUQ,P0000CUQ00EM,[10%],[10%] 4매입-아이보리-M,3,4매입,아이보리,M,,-3,T,T
1888,P0000CUQ,P0000CUQ00EN,[10%],[10%] 4매입-아이보리-L,3,4매입,아이보리,L,,-3,T,T
1888,P0000CUQ,P0000CUQ00EO,[10%],[10%] 4매입-아이보리-XL,3,4매입,아이보리,XL,,-3,T,T
1888,P0000CUQ,P0000CUQ00EP,[10%],[10%] 4매입-스카이블루-S,3,4매입,스카이블루,S,,-100,T,T
1689,P0000CMZ,P0000CMZ00DK,[10%],[10%] 4매입-스킨 4매-XS,3,4매입,스킨 4매,XS,,0,T,T
1689,P0000CMZ,P0000CMZ00DL,[10%],[10%] 4매입-스킨 4매-S,3,4매입,스킨 4매,S,,0,T,T
1689,P0000CMZ,P0000CMZ00DM,[10%],[10%] 4매입-스킨 4매-M,3,4매입,스킨 4매,M,,-101,T,T
1689,P0000CMZ,P0000CMZ00DN,[10%],[10%] 4매입-스킨 4매-L,3,4매입,스킨 4매,L,,-1,T,T
1689,P0000CMZ,P0000CMZ00OQ,[10%],[10%] 4매입-스킨 4매-XL,3,4매입,스킨 4매,XL,,0,T,T
1690,P0000CNA,P0000CNA00HG,[10%],[10%] 4매입-스킨 4매-S,3,4매입,스킨 4매,S,,-1,T,T
1690,P0000CNA,P0000CNA00HH,[10%],[10%] 4매입-스킨 4매-M,3,4매입,스킨 4매,M,,-1,T,T
1690,P0000CNA,P0000CNA00HI,[10%],[10%] 4매입-스킨 4매-L,3,4매입,스킨 4매,L,,-2,T,T
1690,P0000CNA,P0000CNA00HJ,[10%],[10%] 4매입-스킨 4매-XL,3,4매입,스킨 4매,XL,,-3,T,T
1690,P0000CNA,P0000CNA00HK,[10%],[10%] 4매입-옐로우 4매-S,3,4매입,옐로우 4매,S,,0,T,T
848,P0000BGQ,P0000BGQ000Y,[10%],[10%] 4매입-스킨 4매-S,3,4매입,스킨 4매,S,,-2,T,T
848,P0000BGQ,P0000BGQ000Z,[10%],[10%] 4매입-스킨 4매-M,3,4매입,스킨 4매,M,,0,T,T
848,P0000BGQ,P0000BGQ00BA,[10%],[10%] 4매입-스킨 4매-L,3,4매입,스킨 4매,L,,0,T,T
848,P0000BGQ,P0000BGQ00BB,[10%],[10%] 4매입-스킨 4매-XL,3,4매입,스킨 4매,XL,,-1,T,T
848,P0000BGQ,P0000BGQ00BC,[10%],[10%] 4매입-블랙 4매-S,3,4매입,블랙 4매,S,,0,T,T
1386,P0000CBI,P0000CBI000A,[10%],[10%] 4매입-에버베이지 4매-S,3,4매입,에버베이지 4매,S,,0,T,T
1386,P0000CBI,P0000CBI000B,[10%],[10%] 4매입-에버베이지 4매-M,3,4매입,에버베이지 4매,M,,-1,T,T
1386,P0000CBI,P0000CBI000C,[10%],[10%] 4매입-에버베이지 4매-L,3,4매입,에버베이지 4매,L,,-1,T,T
1386,P0000CBI,P0000CBI000D,[10%],[10%] 4매입-에버베이지 4매-XL,3,4매입,에버베이지 4매,XL,,0,T,T
1386,P0000CBI,P0000CBI000E,[10%],[10%] 4매입-에버베이지 4매-XXL,3,4매입,에버베이지 4매,XXL,,-1,T,T
1384,P0000CBG,P0000CBG0CHG,[10%],[10%] 4매입-에버베이지 4매-S,3,4매입,에버베이지 4매,S,,-1,T,T
1384,P0000CBG,P0000CBG0CHH,[10%],[10%] 4매입-에버베이지 4매-M,3,4매입,에버베이지 4매,M,,-4,T,T
1384,P0000CBG,P0000CBG0CHI,[10%],[10%] 4매입-에버베이지 4매-L,3,4매입,에버베이지 4매,L,,0,T,T
1384,P0000CBG,P0000CBG0CHJ,[10%],[10%] 4매입-에버베이지 4매-XL,3,4매입,에버베이지 4매,XL,,0,T,T
1384,P0000CBG,P0000CBG0CHK,[10%],[10%] 4매입-에버베이지 4매-XXL,3,4매입,에버베이지 4매,XXL,,-1,T,T
63,P00000CL,P00000CL00HE,[10%],[10%] 4매입-블랙 2매+ 아이보리 2매-F/L (44-66),3,4매입,블랙 2매+ 아이보리 2매,F/L (44-66),,-108,T,T
63,P00000CL,P00000CL00HF,[10%],[10%] 4매입-블랙 2매+ 아이보리 2매-XL (55-77),3,4매입,블랙 2매+ 아이보리 2매,XL (55-77),,-100,T,T
63,P00000CL,P00000CL00HG,[10%],[10%] 4매입-블랙 2매+ 아이보리 2매-XXL (66-99),3,4매입,블랙 2매+ 아이보리 2매,XXL (66-99),,-102,T,T
63,P00000CL,P00000CL00HH,[10%],[10%] 4매입-블랙 2매+ 그레이 2매-F/L (44-66),3,4매입,블랙 2매+ 그레이 2매,F/L (44-66),,-100,T,T
63,P00000CL,P00000CL00HI,[10%],[10%] 4매입-블랙 2매+ 그레이 2매-XL (55-77),3,4매입,블랙 2매+ 그레이 2매,XL (55-77),,-100,T,T
2147,P0000DEP,P0000DEP000A,[10%],[10%] 4매입-블랙 2매+ 아이보리 2매-F/L (44-66),3,4매입,블랙 2매+ 아이보리 2매,F/L (44-66),,-108,T,T
2147,P0000DEP,P0000DEP000B,[10%],[10%] 4매입-블랙 2매+ 아이보리 2매-XL (55-77),3,4매입,블랙 2매+ 아이보리 2매,XL (55-77),,-101,T,T
2147,P0000DEP,P0000DEP000C,[10%],[10%] 4매입-블랙 2매+ 아이보리 2매-XXL (66-99),3,4매입,블랙 2매+ 아이보리 2매,XXL (66-99),,-102,T,T
2147,P0000DEP,P0000DEP000D,[10%],[10%] 4매입-블랙 2매+ 그레이 2매-F/L (44-66),3,4매입,블랙 2매+ 그레이 2매,F/L (44-66),,-101,T,T
620,P00000XW,P00000XW00HO,[10%],[10%] 숏기장 4매입-화이트 4매-F/L (44-66),3,숏기장 4매입,화이트 4매,F/L (44-66),,-17,T,T
620,P00000XW,P00000XW00HP,[10%],[10%] 숏기장 4매입-화이트 4매-XL (66-88),3,숏기장 4매입,화이트 4매,XL (66-88),,-101,T,T
620,P00000XW,P00000XW00HQ,[10%],[10%] 숏기장 4매입-블랙 4매-F/L (44-66),3,숏기장 4매입,블랙 4매,F/L (44-66),,-1,T,T
620,P00000XW,P00000XW00HR,[10%],[10%] 숏기장 4매입-블랙 4매-XL (66-88),3,숏기장 4매입,블랙 4매,XL (66-88),,-1,T,T
620,P00000XW,P00000XW00HS,[10%],[10%] 숏기장 4매입-화이트 2매 + 블랙 2매-F/L (44-66),3,숏기장 4매입,화이트 2매 + 블랙 2매,F/L (44-66),,-80,T,T
621,P00000XX,P00000XX00BX,[10%],[10%] 4매입-화이트 4매-F/L(44-66),3,4매입,화이트 4매,F/L(44-66),,-17,T,T
621,P00000XX,P00000XX00BY,[10%],[10%] 4매입-블랙 4매-F/L(44-66),3,4매입,블랙 4매,F/L(44-66),,-6,T,T
621,P00000XX,P00000XX00BZ,[10%],[10%] 4매입-화이트 2매 + 블랙 2매-F/L(44-66),3,4매입,화이트 2매 + 블랙 2매,F/L(44-66),,-90,T,T
621,P00000XX,P00000XX00CA,[10%],[10%] 4매입-화이트 4매-XL(66-88),3,4매입,화이트 4매,XL(66-88),,-5,T,T
621,P00000XX,P00000XX00CB,[10%],[10%] 4매입-블랙 4매-XL(66-88),3,4매입,블랙 4매,XL(66-88),,0,T,T
629,P00000YF,P00000YF00BW,[10%],[10%] 4매입-화이트 4매-F/L(44-66),3,4매입,화이트 4매,F/L(44-66),,-9,T,T
629,P00000YF,P00000YF00BX,[10%],[10%] 4매입-블랙 4매-F/L(44-66),3,4매입,블랙 4매,F/L(44-66),,-2,T,T
629,P00000YF,P00000YF00BY,[10%],[10%] 4매입-화이트 2매 + 블랙 2매-F/L(44-66),3,4매입,화이트 2매 + 블랙 2매,F/L(44-66),,-32,T,T
629,P00000YF,P00000YF00BZ,[10%],[10%] 4매입-화이트 4매-XL(66-88),3,4매입,화이트 4매,XL(66-88),,-3,T,T
629,P00000YF,P00000YF00CA,[10%],[10%] 4매입-블랙 4매-XL(66-88),3,4매입,블랙 4매,XL(66-88),,-2,T,T
1684,P0000CMU,P0000CMU00GQ,,그레이&화이트-F/L (44-66),2,그레이&화이트,F/L (44-66),,,-109,T,T
1684,P0000CMU,P0000CMU00GR,,그레이&화이트-XL (66-88),2,그레이&화이트,XL (66-88),,,224,T,T
1684,P0000CMU,P0000CMU00GS,,네이비&그레이-F/L (44-66),2,네이비&그레이,F/L (44-66),,,66,T,T
1684,P0000CMU,P0000CMU00GT,,네이비&그레이-XL (66-88),2,네이비&그레이,XL (66-88),,,150,T,T
1684,P0000CMU,P0000CMU00GU,,옐로우&화이트-F/L (44-66),2,옐로우&화이트,F/L (44-66),,,-34,T,T
714,P0000BBM,P0000BBM0CEI,[10%],[10%] 4매입-그레이 FREE(2매)-그레이 FREE(2매),3,4매입,그레이 FREE(2매),그레이 FREE(2매),,0,T,T
714,P0000BBM,P0000BBM0CEJ,[10%],[10%] 4매입-그레이 FREE(2매)-라이트그레이 FREE(2매),3,4매입,그레이 FREE(2매),라이트그레이 FREE(2매),,-1,T,T
714,P0000BBM,P0000BBM0CEK,[10%],[10%] 4매입-그레이 FREE(2매)-브라운 FREE(2매),3,4매입,그레이 FREE(2매),브라운 FREE(2매),,-1,T,T
714,P0000BBM,P0000BBM0CEL,[10%],[10%] 4매입-그레이 FREE(2매)-블랙 FREE(2매),3,4매입,그레이 FREE(2매),블랙 FREE(2매),,0,T,T
858,P0000BHA,P0000BHA00EH,[10%],[10%] 4매입-내추럴 4매-S-M,4,4매입,내추럴 4매,S,M,-18,T,T
109,P00000EF,P00000EF000J,[20%],[20%] 3매입-블랙 3매-M/L,3,3매입,블랙 3매,M/L,,-32,T,T
109,P00000EF,P00000EF000K,[20%],[20%] 3매입-블랙 3매-XL,3,3매입,블랙 3매,XL,,-77,T,T
109,P00000EF,P00000EF000M,,1매 단품-블랙 1매-M/L,3,1매 단품,블랙 1매,M/L,,-94,T,T
109,P00000EF,P00000EF000N,,1매 단품-블랙 1매-XL,3,1매 단품,블랙 1매,XL,,-204,T,T
103,P00000DZ,P00000DZ00CC,[11%],[11%] 4매입-유발-스킨 4매-M/L,4,4매입,유발,스킨 4매,M/L,-83,T,T
103,P00000DZ,P00000DZ00CD,[11%],[11%] 4매입-유발-스킨 4매-XL,4,4매입,유발,스킨 4매,XL,-221,T,T
103,P00000DZ,P00000DZ00CE,[11%],[11%] 4매입-유발-스킨 4매-XXL,4,4매입,유발,스킨 4매,XXL,-146,T,T
103,P00000DZ,P00000DZ00CF,[11%],[11%] 4매입-유발-커피 4매-M/L,4,4매입,유발,커피 4매,M/L,-36,T,T
103,P00000DZ,P00000DZ00CG,[11%],[11%] 4매입-유발-커피 4매-XL,4,4매입,유발,커피 4매,XL,-44,T,T
139,P00000FJ,P00000FJ00BE,[20%],[20%] 10매입-유발-스킨-M/L,4,10매입,유발,스킨,M/L,-22,T,T
139,P00000FJ,P00000FJ00BF,[20%],[20%] 10매입-유발-스킨-XL,4,10매입,유발,스킨,XL,-119,T,T
139,P00000FJ,P00000FJ00BG,[20%],[20%] 10매입-유발-스킨-XXL,4,10매입,유발,스킨,XXL,-106,T,T
139,P00000FJ,P00000FJ00BH,[20%],[20%] 10매입-유발-블랙-M/L,4,10매입,유발,블랙,M/L,-5,T,T
139,P00000FJ,P00000FJ00BI,[20%],[20%] 10매입-유발-블랙-XL,4,10매입,유발,블랙,XL,-2,T,T
107,P00000ED,P00000ED00BK,,1매 단품-스킨-FREE,3,1매 단품,스킨,FREE,,-211,T,T
107,P00000ED,P00000ED00BL,,1매 단품-스킨-XL,3,1매 단품,스킨,XL,,-174,T,T
107,P00000ED,P00000ED00BM,,1매 단품-커피-FREE,3,1매 단품,커피,FREE,,-60,T,T
107,P00000ED,P00000ED00BN,,1매 단품-커피-XL,3,1매 단품,커피,XL,,-70,T,T
107,P00000ED,P00000ED00BO,,1매 단품-블랙-FREE,3,1매 단품,블랙,FREE,,-129,T,T
717,P0000BBP,P0000BBP000A,[15%],[15%] 숏 니삭스 4매입-아이보리 4매-FREE,3,숏 니삭스 4매입,아이보리 4매,FREE,,-11,T,T
717,P0000BBP,P0000BBP000E,[15%],[15%] 숏 니삭스 4매입-베이지 4매-FREE,3,숏 니삭스 4매입,베이지 4매,FREE,,0,T,T
717,P0000BBP,P0000BBP000F,[15%],[15%] 숏 니삭스 4매입-브라운 4매-FREE,3,숏 니삭스 4매입,브라운 4매,FREE,,0,T,T
717,P0000BBP,P0000BBP000G,[15%],[15%] 숏 니삭스 4매입-그레이 4매-FREE,3,숏 니삭스 4매입,그레이 4매,FREE,,-10,T,T
717,P0000BBP,P0000BBP000H,[15%],[15%] 숏 니삭스 4매입-블랙 4매-FREE,3,숏 니삭스 4매입,블랙 4매,FREE,,-33,T,T
1257,P0000BWJ,P0000BWJ00FX,,니삭스 1매 단품-화이트-FREE,3,니삭스 1매 단품,화이트,FREE,,-2,T,T
1257,P0000BWJ,P0000BWJ00FY,,니삭스 1매 단품-아이보리-FREE,3,니삭스 1매 단품,아이보리,FREE,,0,T,T
1257,P0000BWJ,P0000BWJ00FZ,,니삭스 1매 단품-그레이-FREE,3,니삭스 1매 단품,그레이,FREE,,0,T,T
1257,P0000BWJ,P0000BWJ00GA,,니삭스 1매 단품-블랙-FREE,3,니삭스 1매 단품,블랙,FREE,,0,T,T
1422,P0000CCS,P0000CCS00BL,[10%],[10%] 4매입-화이트 4매,2,4매입,화이트 4매,,,-1,T,T
1422,P0000CCS,P0000CCS00BM,[10%],[10%] 4매입-아이보리 4매,2,4매입,아이보리 4매,,,-100,T,T
1422,P0000CCS,P0000CCS00BN,[10%],[10%] 4매입-베이지 4매,2,4매입,베이지 4매,,,-100,T,T
1422,P0000CCS,P0000CCS00BO,[10%],[10%] 4매입-그레이 4매,2,4매입,그레이 4매,,,0,T,T
1422,P0000CCS,P0000CCS00BP,[10%],[10%] 4매입-차콜 4매,2,4매입,차콜 4매,,,-100,T,T
449,P00000RH,P00000RH000O,[10%],[10%] 4매입-스킨 C-D,3,4매입,스킨 C,D,,-105,T,T
449,P00000RH,P00000RH000Q,[10%],[10%] 4매입-스킨 D-E,3,4매입,스킨 D,E,,-4,T,T
454,P00000RM,P00000RM00FG,[20%],[20%] 4세트(글루4)-FREE(8cm),2,4세트(글루4),FREE(8cm),,,-58,T,T
454,P00000RM,P00000RM00FH,[20%],[20%] 4세트(글루4)-XL(10cm),2,4세트(글루4),XL(10cm),,,-10,T,T
454,P00000RM,P00000RM00FI,[20%],[20%] 4세트(노글루4)-FREE(8cm),2,4세트(노글루4),FREE(8cm),,,-101,T,T
454,P00000RM,P00000RM00FJ,[20%],[20%] 4세트(노글루4)-XL(10cm),2,4세트(노글루4),XL(10cm),,,-7,T,T
454,P00000RM,P00000RM00FK,[20%],[20%] 4세트(글루3+노글루1)-FREE(8cm),2,4세트(글루3+노글루1),FREE(8cm),,,-100,T,T
812,P0000BFG,P0000BFG000M,[10%],[10%] 4세트-LIGHT(6cm) 4세트,2,4세트,LIGHT(6cm) 4세트,,,-6,T,T
812,P0000BFG,P0000BFG000N,[10%],[10%] 4세트-FREE(8cm) 4세트,2,4세트,FREE(8cm) 4세트,,,-36,T,T
812,P0000BFG,P0000BFG000O,[10%],[10%] 4세트-XL(10cm) 4세트,2,4세트,XL(10cm) 4세트,,,-6,T,T
812,P0000BFG,P0000BFG000J,[10%],[10%] 4세트-LIGHT(6cm) 2세트 + FREE(8cm) 2세트,2,4세트,LIGHT(6cm) 2세트 + FREE(8cm) 2세트,,,-13,T,T
812,P0000BFG,P0000BFG000K,[10%],[10%] 4세트-LIGHT(6cm) 2세트 + XL(10cm) 2세트,2,4세트,LIGHT(6cm) 2세트 + XL(10cm) 2세트,,,0,T,T
813,P0000BFH,P0000BFH000N,[10%],[10%] 4세트-FREE(8cm) 4세트,2,4세트,FREE(8cm) 4세트,,,-12,T,T
813,P0000BFH,P0000BFH000E,[5%],[5%] 2세트-FREE(8cm) 2세트,2,2세트,FREE(8cm) 2세트,,,-30,T,T
813,P0000BFH,P0000BFH000B,,1세트-FREE(8cm) 1세트,2,1세트,FREE(8cm) 1세트,,,-100,T,T
1444,P0000CDO,P0000CDO000Q,[10%],[10%] 4매입-아이보리 4매-F/L (44-66),3,4매입,아이보리 4매,F/L (44-66),,0,T,T
1444,P0000CDO,P0000CDO000R,[10%],[10%] 4매입-레드 4매-F/L (44-66),3,4매입,레드 4매,F/L (44-66),,0,T,T
1444,P0000CDO,P0000CDO000S,[10%],[10%] 4매입-그레이 4매-F/L (44-66),3,4매입,그레이 4매,F/L (44-66),,-100,T,T
1444,P0000CDO,P0000CDO000C,[10%],[10%] 4매입-블랙 4매-F/L (44-66),3,4매입,블랙 4매,F/L (44-66),,-100,T,T
1444,P0000CDO,P0000CDO000T,[10%],[10%] 4매입-아이보리 2매 + 레드 2매-F/L (44-66),3,4매입,아이보리 2매 + 레드 2매,F/L (44-66),,0,T,T
1445,P0000CDP,P0000CDP000Z,[10%],[10%] 4매입-화이트 4매-F/L (44-66),3,4매입,화이트 4매,F/L (44-66),,0,T,T
1445,P0000CDP,P0000CDP00BA,[10%],[10%] 4매입-화이트 4매-XL (66-88),3,4매입,화이트 4매,XL (66-88),,0,T,T
1445,P0000CDP,P0000CDP000A,[10%],[10%] 4매입-블랙 4매-F/L (44-66),3,4매입,블랙 4매,F/L (44-66),,0,T,T
1445,P0000CDP,P0000CDP00BQ,[10%],[10%] 4매입-카키 4매-F/L (44-66),3,4매입,카키 4매,F/L (44-66),,0,T,T
1445,P0000CDP,P0000CDP00BR,[10%],[10%] 4매입-카키 4매-XL (66-88),3,4매입,카키 4매,XL (66-88),,-1,T,T
1460,P0000CEE,P0000CEE00CI,[10%],[10%] 4매입-크림 아이보리 4매-F/L (44-66),3,4매입,크림 아이보리 4매,F/L (44-66),,-1,T,T
1460,P0000CEE,P0000CEE00CK,[10%],[10%] 4매입-미드 그레이 4매-F/L (44-66),3,4매입,미드 그레이 4매,F/L (44-66),,0,T,T
1460,P0000CEE,P0000CEE00CL,[10%],[10%] 4매입-딥 브라운 4매-F/L (44-66),3,4매입,딥 브라운 4매,F/L (44-66),,0,T,T
1460,P0000CEE,P0000CEE00CM,[10%],[10%] 4매입-젯 블랙 4매-F/L (44-66),3,4매입,젯 블랙 4매,F/L (44-66),,0,T,T
207,P00000HZ,P00000HZ00KS,[17%],[17%] 3매입-블랙 3매-M(남성 95-100/여성77-88),3,3매입,블랙 3매,M(남성 95-100/여성77-88),,-104,T,T
207,P00000HZ,P00000HZ00KU,[17%],[17%] 3매입-브라운 3매-S(여성 44-66),3,3매입,브라운 3매,S(여성 44-66),,-101,T,T
207,P00000HZ,P00000HZ00KV,[17%],[17%] 3매입-브라운 3매-M(남성 95-100/여성77-88),3,3매입,브라운 3매,M(남성 95-100/여성77-88),,-100,T,T
14,P000000O,P000000O00IB,[10%],[10%] 3매입-남성 FREE (95-100)-블랙 상하세트만 3팩,3,3매입,남성 FREE (95-100),블랙 상하세트만 3팩,,-103,T,T
14,P000000O,P000000O00IC,[10%],[10%] 3매입-남성 FREE (95-100)-차콜 상하세트만 3팩,3,3매입,남성 FREE (95-100),차콜 상하세트만 3팩,,-25,T,T
14,P000000O,P000000O00ID,[10%],[10%] 3매입-남성 FREE (95-100)-상의화이트+하의블랙 세트만 3팩,3,3매입,남성 FREE (95-100),상의화이트+하의블랙 세트만 3팩,,-14,T,T
14,P000000O,P000000O00IE,[10%],[10%] 3매입-남성 FREE (95-100)-컬러별 1세트씩 섞어서 3개 패키지,3,3매입,남성 FREE (95-100),컬러별 1세트씩 섞어서 3개 패키지,,0,T,T
14,P000000O,P000000O00IF,[10%],[10%] 3매입-남성 XL (105-110)-블랙 상하세트만 3팩,3,3매입,남성 XL (105-110),블랙 상하세트만 3팩,,-101,T,T
722,P0000BBU,P0000BBU000I,,베이직 1매 단품-화이트 FREE,2,베이직 1매 단품,화이트 FREE,,,-15,T,T
722,P0000BBU,P0000BBU000J,,베이직 1매 단품-화이트 XL,2,베이직 1매 단품,화이트 XL,,,-3,T,T
722,P0000BBU,P0000BBU000L,,베이직 1매 단품-블랙 XL,2,베이직 1매 단품,블랙 XL,,,-10,T,T
722,P0000BBU,P0000BBU000M,,크롭 1매 단품-화이트 FREE,2,크롭 1매 단품,화이트 FREE,,,-3,T,T
